"","site","prov","site.prov","area.exc","mean.thick","vol.exc","lvd","total.lithics","total.ret","retouch.freq","period","industry","IGP","Ib.b","elev.modern","dist.coast.modern","dist.coast.lgm","lon","lat","period.group"
"1","Abauntz","E","Abauntz E",NA,NA,NA,NA,NA,334,NA,"LM Magdalenian","LM Magdalenian",NA,41.29,593,38.8896443658142,49.4570508962275,-1.64167,43.0133,"group 2"
"2","Abittaga","VII","Abittaga VII",NA,NA,NA,NA,NA,60,NA,"U Magdalenian","U Magdalenian",NA,3.3,72,2.25147161233427,13.0840231653703,-2.51237388888889,43.3441666666667,"group 1"
"3","Agarre","Azilian","Agarre Azilian",NA,NA,NA,NA,NA,NA,NA,"Azilian","Azilian",NA,NA,209,5.98529413853038,17.9994238691008,-2.37404055555556,43.2447222222222,"group 1"
"4","Aitzbeltz","Azilian","Aitzbeltz Azilian",NA,NA,NA,NA,NA,NA,NA,"Azilian","Azilian",NA,NA,544,7.32555489436757,18.4837527933443,-2.34889,43.23139,"group 1"
"5","Aitzbitarte I","Azilian","Aitzbitarte I Azilian",NA,NA,NA,NA,NA,122,NA,"Azilian","Azilian",NA,50.8,298,6.87392210491998,15.1908811115548,-1.89542944444445,43.2627777777778,"group 1"
"6","Aitzbitarte III","entrance – I","Aitzbitarte III entrance – I",14,NA,NA,NA,530,73,0.137735849056604,"EUP","EUP",NA,11,298,6.87392210491998,15.1908811115548,-1.89542944444445,43.2627777777778,"group 1"
"7","Aitzbitarte III","entrance – II","Aitzbitarte III entrance – II",14,NA,NA,NA,566,94,0.166077738515901,"EUP","Solutrean?",NA,5.3,298,6.87392210491998,15.1908811115548,-1.89542944444445,43.2627777777778,"group 1"
"8","Aitzbitarte III","entrance – III","Aitzbitarte III entrance – III",14,NA,NA,NA,1645,185,0.112462006079027,"EUP","Gravettian/Solutrean?",NA,8.1,298,6.87392210491998,15.1908811115548,-1.89542944444445,43.2627777777778,"group 1"
"9","Aitzbitarte III","entrance – IV","Aitzbitarte III entrance – IV",14,NA,NA,NA,1140,97,0.085087719298246,"EUP","Gravettian",NA,6.2,298,6.87392210491998,15.1908811115548,-1.89542944444445,43.2627777777778,"group 1"
"10","Aitzbitarte III","entrance – Va","Aitzbitarte III entrance – Va",14,NA,NA,NA,975,99,0.101538461538462,"EUP","Gravettian",NA,6.1,298,6.87392210491998,15.1908811115548,-1.89542944444445,43.2627777777778,"group 1"
"11","Aitzbitarte III","entrance – Vb (base)","Aitzbitarte III entrance – Vb (base)",14,NA,NA,NA,277,34,0.122743682310469,"EUP","late Aurignacian",NA,5.9,298,6.87392210491998,15.1908811115548,-1.89542944444445,43.2627777777778,"group 1"
"12","Aitzbitarte III","entrance – Vb (top)","Aitzbitarte III entrance – Vb (top)",14,NA,NA,NA,1938,234,0.120743034055728,"EUP","late Aurignacian",NA,11.5,298,6.87392210491998,15.1908811115548,-1.89542944444445,43.2627777777778,"group 1"
"13","Aitzbitarte III","interior – V","Aitzbitarte III interior – V",NA,NA,NA,NA,1586,194,0.122320302648171,"EUP","M Gravettian",NA,6.7,298,6.87392210491998,15.1908811115548,-1.89542944444445,43.2627777777778,"group 1"
"14","Aitzbitarte III","interior – VI","Aitzbitarte III interior – VI",NA,NA,NA,NA,16613,2622,0.15782820682598,"EUP","M Gravettian",NA,6.9,298,6.87392210491998,15.1908811115548,-1.89542944444445,43.2627777777778,"group 1"
"15","Aitzbitarte IV","3","Aitzbitarte IV 3",NA,NA,NA,NA,NA,332,NA,"Solutrean","Solutrean",NA,13.1,298,6.87392210491998,15.1908811115548,-1.89542944444445,43.2627777777778,"group 2"
"16","Aitzbitarte IV","I inferior","Aitzbitarte IV I inferior",NA,NA,NA,NA,NA,125,NA,"U Magdalenian","U Magdalenian",NA,23.2,298,6.87392210491998,15.1908811115548,-1.89542944444445,43.2627777777778,"group 1"
"17","Aitzbitarte IV","II","Aitzbitarte IV II",NA,NA,NA,NA,NA,208,NA,"U Magdalenian","U Magdalenian",NA,22.1,298,6.87392210491998,15.1908811115548,-1.89542944444445,43.2627777777778,"group 1"
"18","Altamira","1924","Altamira 1924",NA,NA,NA,NA,NA,215,NA,"LM Magdalenian","LM Magdalenian",NA,0.5,148,3.76498213410917,9.91390956787331,-4.11611,43.3825,"group 2"
"19","Altamira","1981","Altamira 1981",NA,NA,NA,NA,NA,106,NA,"LM Magdalenian","LM Magdalenian",NA,7.6,148,3.76498213410917,9.91390956787331,-4.11611,43.3825,"group 2"
"20","Altamira","lower","Altamira lower",NA,NA,NA,NA,NA,522,NA,"Solutrean","Solutrean",NA,0.2,148,3.76498213410917,9.91390956787331,-4.11611,43.3825,"group 2"
"21","Amalda","IV","Amalda IV",NA,NA,NA,NA,NA,518,NA,"Solutrean","Solutrean",NA,42.7,310,6.86683732163138,16.6343182902283,-2.2,43.23,"group 2"
"22","Amalda","V","Amalda V",NA,NA,NA,NA,NA,102,NA,"EUP","Gravettian",37.25,NA,310,6.86683732163138,16.6343182902283,-2.2,43.23,"group 1"
"23","Amalda","VI","Amalda VI",NA,NA,NA,NA,NA,280,NA,"EUP","Gravettian",8.87,NA,310,6.86683732163138,16.6343182902283,-2.2,43.23,"group 1"
"24","Balmori","D1+E1","Balmori D1+E1",1.5,0.17,0.255,325,83,29,0.349397590361446,"Asturian","Asturian",NA,0.173,29,1.55771847584407,9.83062302541115,-4.83098,43.42088,NA
"25","Bolinkoba ","(LGS) IV (=D)","Bolinkoba  (LGS) IV (=D)",NA,NA,NA,NA,NA,527,NA,"Solutrean","Solutrean",NA,5.7,611,26.8736173884145,38.8016970541425,-2.63404,43.12611,"group 2"
"26","Bolinkoba","(LGS) V (=E)","Bolinkoba (LGS) V (=E)",NA,NA,NA,NA,NA,195,NA,"Solutrean","Solutrean",NA,5.1,611,26.8736173884145,38.8016970541425,-2.63404,43.12611,"group 2"
"27","Bolinkoba","(MMcC) IV (=D)","Bolinkoba (MMcC) IV (=D)",1.5,0.2,0.3,6557,1967,438,0.222674123029995,"EUP","Grv/Noai",13.01,0.075,611,26.8736173884145,38.8016970541425,-2.63404,43.12611,"group 1"
"28","Bolinkoba","(MMcC) V (=E)","Bolinkoba (MMcC) V (=E)",1.5,0.15,0.225,3387,762,211,0.276902887139108,"EUP","Gravettian/Noai",10.9,0.076,611,26.8736173884145,38.8016970541425,-2.63404,43.12611,"group 1"
"29","Bolinkoba","(MMcC) VI (=F)","Bolinkoba (MMcC) VI (=F)",1.5,0.4,0.6,6012,3607,714,0.197948433601331,"EUP","Gravettian/Noai",8.68,0.069,611,26.8736173884145,38.8016970541425,-2.63404,43.12611,"group 1"
"30","Bricia","C-E","Bricia C-E",NA,NA,NA,NA,NA,51,NA,"U Magdalenian","U Magdalenian",NA,NA,30,1.74476897657877,10.3497309214086,-4.85349,43.42556,"group 1"
"31","Chufín","Solutrean","Chufín Solutrean",NA,NA,NA,NA,NA,272,NA,"Solutrean","Solutrean",NA,9.9,138,9.79203469461197,16.9102610028707,-4.45987388888889,43.2922222222222,"group 2"
"32","Coberizas","2 + 3","Coberizas 2 + 3",NA,NA,NA,NA,NA,NA,NA,"Asturian","Asturian",NA,NA,34,1.72059731873268,11.0104101560302,-4.87904,43.42833,NA
"33","Cova Rosa","Solutrean","Cova Rosa Solutrean",6,1.5,9,99,888,217,0.244400745140705,"Solutrean","Solutrean",NA,3.2,255,3.82328758510608,10.9038488103419,-5.13043,43.445,"group 2"
"34","Cueto de la Mina","B","Cueto de la Mina B",NA,NA,NA,NA,NA,191,NA,"U Magdalenian","U Magdalenian",NA,4.2,30,1.74476897657877,10.3497309214086,-4.85349,43.42556,"group 1"
"35","Cueto de la Mina","C","Cueto de la Mina C",NA,NA,NA,NA,NA,205,NA,"LM Magdalenian","LM Magdalenian",NA,5.4,30,1.74476897657877,10.3497309214086,-4.85349,43.42556,"group 2"
"36","Cueto de la Mina","D","Cueto de la Mina D",NA,NA,NA,NA,NA,417,NA,"LM Magdalenian","LM Magdalenian",NA,4.8,30,1.74476897657877,10.3497309214086,-4.85349,43.42556,"group 2"
"37","Cueto de la Mina","E 1 + 2","Cueto de la Mina E 1 + 2",NA,NA,NA,NA,NA,242,NA,"Solutrean","Solutrean",NA,5,30,1.74476897657877,10.3497309214086,-4.85349,43.42556,"group 2"
"38","Cueto de la Mina","E 3 + 4","Cueto de la Mina E 3 + 4",NA,NA,NA,NA,NA,171,NA,"Solutrean","Solutrean",NA,5.3,30,1.74476897657877,10.3497309214086,-4.85349,43.42556,"group 2"
"39","Cueto de la Mina","F","Cueto de la Mina F",NA,NA,NA,NA,NA,117,NA,"Solutrean","Solutrean",NA,1.7,30,1.74476897657877,10.3497309214086,-4.85349,43.42556,"group 2"
"40","Cueva Oscura","Solutrean","Cueva Oscura Solutrean",NA,NA,NA,NA,NA,167,NA,"Solutrean","Solutrean",NA,1.8,63,2.13961999658788,12.8072094207756,-5.77682,43.57222,"group 2"
"41","Ekain","II","Ekain II",4.5,1,4.5,262,1181,177,0.149872988992379,"Azilian","Azilian",NA,70.7,309,6.61956725677966,16.7422659525237,-2.275985,43.2361111111111,"group 1"
"42","Ekain","III","Ekain III",16.5,0.13,2.145,790,1695,251,0.148082595870207,"Azilian","Azilian",NA,66.6,309,6.61956725677966,16.7422659525237,-2.275985,43.2361111111111,"group 1"
"43","Ekain","IV","Ekain IV",16.41,0.07,1.1487,811,932,123,0.131974248927039,"Azilian","Azilian",NA,54.8,309,6.61956725677966,16.7422659525237,-2.275985,43.2361111111111,"group 1"
"44","Ekain","V","Ekain V",14.3,0.06,0.858,740,635,93,0.146456692913386,"Azilian","Azilian",NA,37.6,309,6.61956725677966,16.7422659525237,-2.275985,43.2361111111111,"group 1"
"45","Ekain","VI (all)","Ekain VI (all)",16.2,0.23,3.726,983,3661,488,0.133296913411636,"U Magdalenian","U Magdalenian",NA,48.7,309,6.61956725677966,16.7422659525237,-2.275985,43.2361111111111,"group 1"
"46","Ekain","VIa","Ekain VIa",16.2,0.1,1.62,786,1274,170,0.133437990580848,"U Magdalenian","U Magdalenian",NA,43.6,309,6.61956725677966,16.7422659525237,-2.275985,43.2361111111111,"group 1"
"47","Ekain","VIb","Ekain VIb",16.2,0.16,2.592,589,1526,203,0.13302752293578,"U Magdalenian","U Magdalenian",NA,51.4,309,6.61956725677966,16.7422659525237,-2.275985,43.2361111111111,"group 1"
"48","Ekain","VIc","Ekain VIc",NA,NA,NA,NA,NA,44,NA,"U Magdalenian","U Magdalenian",NA,45.5,309,6.61956725677966,16.7422659525237,-2.275985,43.2361111111111,"group 1"
"49","Ekain","VId","Ekain VId",NA,NA,NA,NA,NA,71,NA,"U Magdalenian","U Magdalenian",NA,54.7,309,6.61956725677966,16.7422659525237,-2.275985,43.2361111111111,"group 1"
"50","Ekain","VIII","Ekain VIII",NA,NA,NA,NA,NA,322,NA,"LM Magdalenian","LM Magdalenian",NA,72.04,309,6.61956725677966,16.7422659525237,-2.275985,43.2361111111111,"group 2"
"51","El Castillo","12","El Castillo 12",NA,NA,NA,NA,NA,134,NA,"EUP","Gravettian",6.7,NA,73,15.2752383946027,23.1325180922753,-3.96515,43.29306,"group 1"
"52","El Castillo","14","El Castillo 14",NA,NA,NA,NA,NA,122,NA,"EUP","Gravettian",11.5,NA,73,15.2752383946027,23.1325180922753,-3.96515,43.29306,"group 1"
"53","El Castillo","16","El Castillo 16",NA,NA,NA,NA,NA,86,NA,"EUP","Aurignacian",3.49,NA,73,15.2752383946027,23.1325180922753,-3.96515,43.29306,"group 1"
"54","El Castillo","18","El Castillo 18",NA,NA,NA,NA,NA,865,NA,"EUP","Aurignacian",2.21,NA,73,15.2752383946027,23.1325180922753,-3.96515,43.29306,"group 1"
"55","El Castillo","8","El Castillo 8",NA,NA,NA,NA,NA,559,NA,"LM Magdalenian","LM Magdalenian",NA,0.3,73,15.2752383946027,23.1325180922753,-3.96515,43.29306,"group 2"
"56","El Cierro","6","El Cierro 6",NA,NA,NA,NA,NA,81,NA,"EUP","Aurignacian",8.6,NA,94,1.9909111687115,8.96161771822131,-5.10599,43.45833,"group 1"
"57","El Cierro","7","El Cierro 7",NA,NA,NA,NA,NA,62,NA,"EUP","Aurignacian",6.3,NA,94,1.9909111687115,8.96161771822131,-5.10599,43.45833,"group 1"
"58","El Cierro","III","El Cierro III",NA,NA,NA,NA,NA,343,NA,"LM Magdalenian","LM Magdalenian",NA,7,94,1.9909111687115,8.96161771822131,-5.10599,43.45833,"group 2"
"59","El Cierro","IV","El Cierro IV",20,2.2,44,20,868,337,0.388248847926267,"Solutrean","Solutrean",NA,0.9,94,1.9909111687115,8.96161771822131,-5.10599,43.45833,"group 2"
"60","El Conde ","1","El Conde  1",NA,NA,NA,NA,NA,441,NA,"EUP","Aurignacian",0.5,NA,398,28.8586439234585,43.3626897770343,-5.98043,43.2875,"group 1"
"61","El Conde ","2","El Conde  2",NA,NA,NA,NA,NA,273,NA,"EUP","Aurignacian",3.3,NA,398,28.8586439234585,43.3626897770343,-5.98043,43.2875,"group 1"
"62","El Conde ","4","El Conde  4",NA,NA,NA,NA,NA,364,NA,"EUP","Aurignacian",0.6,NA,398,28.8586439234585,43.3626897770343,-5.98043,43.2875,"group 1"
"63","El Juyo","1955-57 comb.","El Juyo 1955-57 comb.",NA,NA,NA,NA,NA,342,NA,"LM Magdalenian","LM Magdalenian",NA,6.1,48,4.30635961713348,10.5003719978985,-3.88849,43.43139,"group 2"
"64","El Juyo","1978-82","El Juyo 1978-82",NA,NA,NA,NA,NA,0,NA,"LM Magdalenian","LM Magdalenian",NA,NA,48,4.30635961713348,10.5003719978985,-3.88849,43.43139,"group 2"
"65","El Juyo","4","El Juyo 4",NA,NA,NA,NA,31571,877,0.027778657628837,"LM Magdalenian","LM Magdalenian",NA,10,48,4.30635961713348,10.5003719978985,-3.88849,43.43139,"group 2"
"66","El Juyo","4 santuario","El Juyo 4 santuario",NA,NA,NA,NA,2268,63,0.027777777777778,"LM Magdalenian","LM Magdalenian",NA,9.5,48,4.30635961713348,10.5003719978985,-3.88849,43.43139,"group 2"
"67","El Juyo","6","El Juyo 6",NA,NA,NA,NA,17063,474,0.0277794057317,"LM Magdalenian","LM Magdalenian",NA,30.8,48,4.30635961713348,10.5003719978985,-3.88849,43.43139,"group 2"
"68","El Juyo","7","El Juyo 7",NA,NA,NA,NA,5615,156,0.027782724844167,"LM Magdalenian","LM Magdalenian",NA,13.5,48,4.30635961713348,10.5003719978985,-3.88849,43.43139,"group 2"
"69","El Pendo","I","El Pendo I",NA,NA,NA,NA,NA,119,NA,"Azilian","Azilian",NA,24.2,151,6.57583693700559,14.8502873591141,-3.91182,43.38667,"group 1"
"70","El Pendo","II","El Pendo II",NA,NA,NA,NA,NA,291,NA,"U Magdalenian","U Magdalenian",NA,14.4,151,6.57583693700559,14.8502873591141,-3.91182,43.38667,"group 1"
"71","El Pendo","IIa-b","El Pendo IIa-b",NA,NA,NA,NA,NA,122,NA,"U Magdalenian","U Magdalenian",NA,21.2,151,6.57583693700559,14.8502873591141,-3.91182,43.38667,"group 1"
"72","El Pendo","IIc-g","El Pendo IIc-g",NA,NA,NA,NA,NA,258,NA,"U Magdalenian","U Magdalenian",NA,20.5,151,6.57583693700559,14.8502873591141,-3.91182,43.38667,"group 1"
"73","El Pendo","III","El Pendo III",NA,0.25,NA,NA,NA,180,NA,"EUP","Final Aurignacian?",1.7,NA,151,6.57583693700559,14.8502873591141,-3.91182,43.38667,"group 1"
"74","El Pendo","IV","El Pendo IV",NA,0.15,NA,NA,NA,356,NA,"EUP","Final Aurignacian?",2.8,NA,151,6.57583693700559,14.8502873591141,-3.91182,43.38667,"group 1"
"75","El Pendo","V","El Pendo V",NA,0.25,NA,NA,NA,32,NA,"EUP","Gravettian",37.5,NA,151,6.57583693700559,14.8502873591141,-3.91182,43.38667,"group 1"
"76","El Pendo","Va","El Pendo Va",NA,NA,NA,NA,NA,71,NA,"EUP","Gravettian",9.9,NA,151,6.57583693700559,14.8502873591141,-3.91182,43.38667,"group 1"
"77","El Pendo","Vb","El Pendo Vb",NA,NA,NA,NA,NA,69,NA,"EUP","Evol Aurignacian",2.9,NA,151,6.57583693700559,14.8502873591141,-3.91182,43.38667,"group 1"
"78","El Pendo","VI","El Pendo VI",NA,0.15,NA,NA,NA,145,NA,"EUP","Evol Aurignacian",5.5,NA,151,6.57583693700559,14.8502873591141,-3.91182,43.38667,"group 1"
"79","El Pendo","VII","El Pendo VII",NA,0.1,NA,NA,NA,405,NA,"EUP","Aurignacian I",4.2,NA,151,6.57583693700559,14.8502873591141,-3.91182,43.38667,"group 1"
"80","El Pendo","VIII","El Pendo VIII",NA,0.07,NA,NA,NA,79,NA,"EUP","Chatel",6.3,NA,151,6.57583693700559,14.8502873591141,-3.91182,43.38667,"group 1"
"81","El Pendo","VIIIa","El Pendo VIIIa",NA,0.1,NA,NA,NA,189,NA,"EUP","Arc Aurignacian",8.5,NA,151,6.57583693700559,14.8502873591141,-3.91182,43.38667,"group 1"
"82","El Pendo","VIIIb","El Pendo VIIIb",NA,0.1,NA,NA,NA,35,NA,"EUP","Arc Aurignacian",0,NA,151,6.57583693700559,14.8502873591141,-3.91182,43.38667,"group 1"
"83","El Valle","d1 + d2","El Valle d1 + d2",NA,NA,NA,NA,NA,136,NA,"Azilian","Azilian",NA,53,198,9.13937252882638,25.0281736327256,-3.419444,43.298611,"group 1"
"84","El Valle","Magdalenian","El Valle Magdalenian",NA,NA,NA,NA,NA,74,NA,"U Magdalenian","U Magdalenian",NA,NA,198,9.13937252882638,25.0281736327256,-3.419444,43.298611,"group 1"
"85","Entrefoces","A","Entrefoces A",NA,NA,NA,NA,NA,265,NA,"U Magdalenian","U Magdalenian",NA,16.9,331,32.3478575754756,44.8433513028003,-5.88333333333333,43.2833333333333,"group 1"
"86","Entrefoces","B","Entrefoces B",NA,NA,NA,NA,NA,195,NA,"LM Magdalenian","LM Magdalenian",NA,32.8,331,32.3478575754756,44.8433513028003,-5.88333333333333,43.2833333333333,"group 2"
"87","Ermittia","Azilian","Ermittia Azilian",NA,NA,NA,NA,NA,0,NA,"Azilian","Azilian",NA,NA,23,3.19672600604138,15.4167511519915,-2.37,43.27,"group 1"
"88","Erralla","5","Erralla 5",NA,NA,NA,NA,NA,196,NA,"LM Magdalenian","LM Magdalenian",NA,44.44,255,12.2087325161874,21.98693524255,-2.21667,43.18333,"group 2"
"89","Erralla","II-III","Erralla II-III",NA,NA,NA,NA,NA,64,NA,"U Magdalenian","Final Magdalenian",NA,45.3,255,12.2087325161874,21.98693524255,-2.21667,43.18333,"group 1"
"90","La Chora","42948","La Chora 42948",NA,NA,NA,NA,NA,699,NA,"U Magdalenian","U Magdalenian",NA,16.4,114,4.41154673675433,21.9789741769319,-3.495,43.34528,"group 1"
"91","La Lloseta","10","La Lloseta 10",NA,NA,NA,NA,NA,75,NA,"LM Magdalenian","LM Magdalenian",NA,10.7,56,0.809941805606571,8.21590086741254,-5.07204,43.45977,"group 2"
"92","La Lloseta","10 +11","La Lloseta 10 +11",NA,NA,NA,NA,NA,136,NA,"LM Magdalenian","LM Magdalenian",NA,9,56,0.809941805606571,8.21590086741254,-5.07204,43.45977,"group 2"
"93","La Lloseta","4","La Lloseta 4",NA,NA,NA,NA,NA,207,NA,"LM Magdalenian","LM Magdalenian",NA,14,56,0.809941805606571,8.21590086741254,-5.07204,43.45977,"group 2"
"94","La Lloseta","5","La Lloseta 5",NA,NA,NA,NA,NA,283,NA,"LM Magdalenian","LM Magdalenian",NA,9.9,56,0.809941805606571,8.21590086741254,-5.07204,43.45977,"group 2"
"95","La Lloseta","6","La Lloseta 6",NA,NA,NA,NA,NA,244,NA,"LM Magdalenian","LM Magdalenian",NA,17.2,56,0.809941805606571,8.21590086741254,-5.07204,43.45977,"group 2"
"96","La Lloseta","7","La Lloseta 7",NA,NA,NA,NA,NA,84,NA,"LM Magdalenian","LM Magdalenian",NA,16.7,56,0.809941805606571,8.21590086741254,-5.07204,43.45977,"group 2"
"97","La Lloseta","8","La Lloseta 8",NA,NA,NA,NA,NA,141,NA,"LM Magdalenian","LM Magdalenian",NA,2.5,56,0.809941805606571,8.21590086741254,-5.07204,43.45977,"group 2"
"98","La Lloseta","9","La Lloseta 9",NA,NA,NA,NA,NA,118,NA,"LM Magdalenian","LM Magdalenian",NA,5.1,56,0.809941805606571,8.21590086741254,-5.07204,43.45977,"group 2"
"99","La Paloma","2 + Azilian","La Paloma 2 + Azilian",NA,NA,NA,NA,403,245,0.607940446650124,"Azilian","Azilian",NA,25.5,206,14.0146741024235,27.2955109418301,-5.97626,43.43556,"group 1"
"100","La Paloma","2/4 + Upper Mag","La Paloma 2/4 + Upper Mag",NA,NA,NA,NA,396,222,0.560606060606061,"U Magdalenian","U Magdalenian",NA,18.2,206,14.0146741024235,27.2955109418301,-5.97626,43.43556,"group 1"
"101","La Paloma","5/6 + Middle Mag","La Paloma 5/6 + Middle Mag",NA,NA,NA,NA,1272,433,0.340408805031447,"LM Magdalenian","M Magdalenian",NA,31.8,206,14.0146741024235,27.2955109418301,-5.97626,43.43556,"group 2"
"102","La Paloma","8 + Lower Mag","La Paloma 8 + Lower Mag",NA,0.25,NA,NA,3034,228,0.075148319050758,"LM Magdalenian","L Magdalenian",NA,8.8,206,14.0146741024235,27.2955109418301,-5.97626,43.43556,"group 2"
"103","La Riera","1","La Riera 1",5,0.4,2,382,765,57,0.074509803921569,"EUP","Gravettian/Aurignacian?",1.754,0.053,30,1.74476897657877,10.3497309214086,-4.85349,43.42556,"group 1"
"104","La Riera","10","La Riera 10",7,0.05,0.35,7029,2460,71,0.028861788617886,"Solutrean","Solutrean",NA,0,30,1.74476897657877,10.3497309214086,-4.85349,43.42556,"group 2"
"105","La Riera","11","La Riera 11",5.5,0.03,0.165,7055,1164,65,0.055841924398625,"Solutrean","Solutrean",NA,3.1,30,1.74476897657877,10.3497309214086,-4.85349,43.42556,"group 2"
"106","La Riera","12","La Riera 12",3.3,0.025,0.0825,4715,389,13,0.033419023136247,"Solutrean","Solutrean",NA,0.99,30,1.74476897657877,10.3497309214086,-4.85349,43.42556,"group 2"
"107","La Riera","13","La Riera 13",2.3,0.04,0.092,8957,824,117,0.141990291262136,"Solutrean","Solutrean",NA,2.11,30,1.74476897657877,10.3497309214086,-4.85349,43.42556,"group 2"
"108","La Riera","14","La Riera 14",8,0.115,0.92,6696,6160,316,0.051298701298701,"Solutrean","Solutrean",NA,2.9,30,1.74476897657877,10.3497309214086,-4.85349,43.42556,"group 2"
"109","La Riera","15","La Riera 15",12,0.4,4.8,643,3087,76,0.024619371558147,"Solutrean","Solutrean",NA,11.8,30,1.74476897657877,10.3497309214086,-4.85349,43.42556,"group 2"
"110","La Riera","16","La Riera 16",12,0.15,1.8,2923,5262,181,0.034397567464842,"Solutrean","Solutrean",NA,23.8,30,1.74476897657877,10.3497309214086,-4.85349,43.42556,"group 2"
"111","La Riera","17","La Riera 17",10,0.02,0.2,11920,2384,151,0.063338926174497,"Solutrean","Solutrean",NA,70.9,30,1.74476897657877,10.3497309214086,-4.85349,43.42556,"group 2"
"112","La Riera","18","La Riera 18",12,0.07,0.84,5552,4664,225,0.048241852487136,"LM Magdalenian","LM Magdalenian",NA,69.3,30,1.74476897657877,10.3497309214086,-4.85349,43.42556,"group 2"
"113","La Riera","19","La Riera 19",9,0.06,0.54,5369,2899,219,0.075543290789928,"LM Magdalenian","LM Magdalenian",NA,61.9,30,1.74476897657877,10.3497309214086,-4.85349,43.42556,"group 2"
"114","La Riera","2","La Riera 2",3.2,0.04,0.128,1141,146,7,0.047945205479452,"Solutrean","Solutrean",NA,0.5,30,1.74476897657877,10.3497309214086,-4.85349,43.42556,"group 2"
"115","La Riera","20","La Riera 20",10,0.08,0.8,2352,1882,203,0.107863974495218,"LM Magdalenian","LM Magdalenian",NA,63.1,30,1.74476897657877,10.3497309214086,-4.85349,43.42556,"group 2"
"116","La Riera","20/19","La Riera 20/19",5,0.06,0.3,6113,1834,78,0.042529989094875,"LM Magdalenian","LM Magdalenian",NA,74.4,30,1.74476897657877,10.3497309214086,-4.85349,43.42556,"group 2"
"117","La Riera","21-23","La Riera 21-23",13,0.25,3.25,894,2905,61,0.020998278829604,"U Magdalenian","U Magdalenian",NA,16.4,30,1.74476897657877,10.3497309214086,-4.85349,43.42556,"group 1"
"118","La Riera","24","La Riera 24",8,0.1,0.8,4096,3277,202,0.061641745498932,"U Magdalenian","U Magdalenian",NA,54,30,1.74476897657877,10.3497309214086,-4.85349,43.42556,"group 1"
"119","La Riera","26","La Riera 26",6,0.02,0.12,11658,1399,56,0.040028591851322,"Azilian","Azilian",NA,38.5,30,1.74476897657877,10.3497309214086,-4.85349,43.42556,"group 1"
"120","La Riera","27","La Riera 27",10,0.25,2.5,1021,2553,105,0.041128084606346,"Azilian","Azilian",NA,43.8,30,1.74476897657877,10.3497309214086,-4.85349,43.42556,"group 1"
"121","La Riera","28","La Riera 28",3,0.08,0.24,3467,832,32,0.038461538461539,"Azilian","Azilian",NA,62.5,30,1.74476897657877,10.3497309214086,-4.85349,43.42556,"group 1"
"122","La Riera","3","La Riera 3",5.2,0.165,0.858,524,450,44,0.097777777777778,"Solutrean","Solutrean",NA,1.5,30,1.74476897657877,10.3497309214086,-4.85349,43.42556,"group 2"
"123","La Riera","4","La Riera 4",5.5,0.06,0.33,4933,1628,106,0.065110565110565,"Solutrean","Solutrean",NA,14.2,30,1.74476897657877,10.3497309214086,-4.85349,43.42556,"group 2"
"124","La Riera","5","La Riera 5",5.5,0.07,0.385,3390,1305,68,0.052107279693487,"Solutrean","Solutrean",NA,5.05,30,1.74476897657877,10.3497309214086,-4.85349,43.42556,"group 2"
"125","La Riera","6","La Riera 6",4,0.04,0.16,8494,1359,39,0.028697571743929,"Solutrean","Solutrean",NA,5.25,30,1.74476897657877,10.3497309214086,-4.85349,43.42556,"group 2"
"126","La Riera","7","La Riera 7",8.5,0.1,0.85,2888,2455,149,0.060692464358452,"Solutrean","Solutrean",NA,5.4,30,1.74476897657877,10.3497309214086,-4.85349,43.42556,"group 2"
"127","La Riera","8","La Riera 8",9,0.045,0.405,6667,2700,116,0.042962962962963,"Solutrean","Solutrean",NA,4.3,30,1.74476897657877,10.3497309214086,-4.85349,43.42556,"group 2"
"128","La Riera","9","La Riera 9",8,0.05,0.4,5960,2384,107,0.044882550335571,"Solutrean","Solutrean",NA,0,30,1.74476897657877,10.3497309214086,-4.85349,43.42556,"group 2"
"129","La Riera","A (1-4) + B","La Riera A (1-4) + B",4,0.4,1.6,421,674,83,0.123145400593472,"Asturian","Asturian",NA,0.06,30,1.74476897657877,10.3497309214086,-4.85349,43.42556,NA
"130","Las Caldas","2","Las Caldas 2",1.6,1.19,1.904,1003,1910,280,0.146596858638743,"LM Magdalenian","M Magdalenian",NA,NA,185,25.6952534984095,38.8557247409211,-5.9221,43.33611,"group 2"
"131","Las Caldas","new – medio","Las Caldas new – medio",1.9,1.17,2.223,1860,4134,336,0.081277213352685,"Solutrean","M Sol",NA,1.5,185,25.6952534984095,38.8557247409211,-5.9221,43.33611,"group 2"
"132","Las Caldas","new – superior","Las Caldas new – superior",2,2.15,4.3,1687,7256,444,0.061190738699008,"Solutrean","U Sol",NA,0.5,185,25.6952534984095,38.8557247409211,-5.9221,43.33611,"group 2"
"133","Las Caldas","new – terminal ","Las Caldas new – terminal ",2,0.59,1.18,3891,4591,276,0.060117621433239,"Solutrean","F Sol",NA,1.5,185,25.6952534984095,38.8557247409211,-5.9221,43.33611,"group 2"
"134","Las Caldas","old","Las Caldas old",NA,NA,NA,NA,NA,177,NA,"Solutrean","Solutrean",NA,1.1,185,25.6952534984095,38.8557247409211,-5.9221,43.33611,"group 2"
"135","Liencres","Surface +1","Liencres Surface +1",41,0.35,14.35,111,1594,147,0.092220828105395,"Asturian","Astur.",NA,0.034,0,0.020175291539137,5.80874250028078,-3.89293,43.47528,NA
"136","Los Azules","2","Los Azules 2",16,0,NA,NA,3237,69,0,"Azilian","Azilian",NA,33.2,238,13.1703926868875,20.3940643759488,-5.1,43.35,"group 1"
"137","Los Azules","3A-D","Los Azules 3A-D",16,0,NA,NA,66528,1819,0.027341871091871,"Azilian","Azilian",NA,52.6,238,13.1703926868875,20.3940643759488,-5.1,43.35,"group 1"
"138","Los Azules","3E","Los Azules 3E",16,0,NA,NA,66586,761,0.011428828882948,"Azilian","Azilian",NA,50.2,238,13.1703926868875,20.3940643759488,-5.1,43.35,"group 1"
"139","Mirón","117","Mirón 117",NA,NA,NA,NA,16886,321,0.019009830628923,"LM Magdalenian","Init Magdalenian",NA,18.38,261,14.9467228682892,31.3572144241233,-3.4525,43.2452777777778,"group 2"
"140","Mirón","118","Mirón 118",NA,NA,NA,NA,7916,163,0.020591207680647,"LM Magdalenian","Init Magdalenian",NA,20.86,261,14.9467228682892,31.3572144241233,-3.4525,43.2452777777778,"group 2"
"141","Mirón","119","Mirón 119",NA,NA,NA,NA,42713,464,0.010863203240231,"LM Magdalenian","Init Magdalenian",NA,23.28,261,14.9467228682892,31.3572144241233,-3.4525,43.2452777777778,"group 2"
"142","Mirón","119.3-119.1","Mirón 119.3-119.1",NA,NA,NA,NA,20013,175,0.008744316194474,"LM Magdalenian","Init Magdalenian",NA,25.71,261,14.9467228682892,31.3572144241233,-3.4525,43.2452777777778,"group 2"
"143","Mirón","121","Mirón 121",7.5,0.05,0.375,2291,859,10,0.011641443538999,"Solutrean","Solutrean",NA,0,261,14.9467228682892,31.3572144241233,-3.4525,43.2452777777778,"group 2"
"144","Mirón","122","Mirón 122",7.5,0.15,1.125,3372,3794,55,0.014496573537164,"Solutrean","Solutrean",NA,16.36,261,14.9467228682892,31.3572144241233,-3.4525,43.2452777777778,"group 2"
"145","Mirón","123","Mirón 123",7.5,0.05,0.375,1267,475,24,0.050526315789474,"Solutrean","Solutrean",NA,20.83,261,14.9467228682892,31.3572144241233,-3.4525,43.2452777777778,"group 2"
"146","Mirón","124","Mirón 124",7.5,0.05,0.375,4701,1763,33,0.018718094157686,"Solutrean","Solutrean",NA,3.03,261,14.9467228682892,31.3572144241233,-3.4525,43.2452777777778,"group 2"
"147","Mirón","125","Mirón 125",7.5,0.11,0.825,3802,3137,31,0.009882052916799,"Solutrean","Solutrean",NA,9.68,261,14.9467228682892,31.3572144241233,-3.4525,43.2452777777778,"group 2"
"148","Mirón","126","Mirón 126",7.5,0.23,1.725,1365,2355,44,0.018683651804671,"Solutrean","Solutrean",NA,4.55,261,14.9467228682892,31.3572144241233,-3.4525,43.2452777777778,"group 2"
"149","Mirón","127","Mirón 127",7.5,0.1,0.75,3199,2399,26,0.010837849103793,"Solutrean","Solutrean",NA,0,261,14.9467228682892,31.3572144241233,-3.4525,43.2452777777778,"group 2"
"150","Mirón","15 (cabin)","Mirón 15 (cabin)",NA,NA,NA,NA,NA,204,NA,"LM Magdalenian","LM Magdalenian",NA,5.4,261,14.9467228682892,31.3572144241233,-3.4525,43.2452777777778,"group 2"
"151","Mirón","15 (corral)","Mirón 15 (corral)",9,0,NA,NA,24034,359,0.014937172339186,"LM Magdalenian","Low Magdalenian",NA,52.4,261,14.9467228682892,31.3572144241233,-3.4525,43.2452777777778,"group 2"
"152","Mirón","16","Mirón 16",NA,NA,NA,NA,NA,0,NA,"LM Magdalenian","LM Magdalenian",NA,NA,261,14.9467228682892,31.3572144241233,-3.4525,43.2452777777778,"group 2"
"153","Mirón","17","Mirón 17",9.5,0.4,3.8,44064,167443,5353,0.031969087988151,"LM Magdalenian","LM Magdalenian",NA,32.5,261,14.9467228682892,31.3572144241233,-3.4525,43.2452777777778,"group 2"
"154","Mirón","18","Mirón 18",NA,NA,NA,NA,NA,0,NA,"LM Magdalenian","LM Magdalenian",NA,NA,261,14.9467228682892,31.3572144241233,-3.4525,43.2452777777778,"group 2"
"155","Mirón","312","Mirón 312",1,0.35,0.35,84077,29427,579,0.019675807931492,"LM Magdalenian","LM Magdalenian",NA,42.37,261,14.9467228682892,31.3572144241233,-3.4525,43.2452777777778,"group 2"
"156","Mirón","313","Mirón 313",1,0.35,0.35,3223,1128,66,0.058510638297872,"LM Magdalenian","LM Magdalenian",NA,65.2,261,14.9467228682892,31.3572144241233,-3.4525,43.2452777777778,"group 2"
"157","Mirón","504","Mirón 504",NA,NA,NA,NA,33600,969,0.028839285714286,"LM Magdalenian","LM Magdalenian",NA,48,261,14.9467228682892,31.3572144241233,-3.4525,43.2452777777778,"group 2"
"158","Mirón","505","Mirón 505",NA,NA,NA,NA,20347,365,0.017938762471126,"LM Magdalenian","LM Magdalenian",NA,46,261,14.9467228682892,31.3572144241233,-3.4525,43.2452777777778,"group 2"
"159","Morín","1","Morín 1",4.5,0.1,0.45,7138,3212,359,0.111768368617684,"Azilian","Azilian",NA,29.9,57,5.31778021631193,18.6315713886887,-3.85682,43.36194,"group 1"
"160","Morín","10","Morín 10",5,0.02,0.1,29640,2964,520,0.175438596491228,"EUP","Chatelperronian",7.5,NA,57,5.31778021631193,18.6315713886887,-3.85682,43.36194,"group 1"
"161","Morín","2","Morín 2",7,0.1,0.7,5810,4067,310,0.076223260388493,"U Magdalenian","Magdalenian V",NA,14.8,57,5.31778021631193,18.6315713886887,-3.85682,43.36194,"group 1"
"162","Morín","3","Morín 3",4.1,0.5,2.05,880,1803,138,0.076539101497504,"Solutrean","U Solutrean",NA,13.8,57,5.31778021631193,18.6315713886887,-3.85682,43.36194,"group 2"
"163","Morín","4","Morín 4",6.5,0.12,0.78,4824,3763,219,0.058198246080255,"EUP","U Gravettian",20.7,NA,57,5.31778021631193,18.6315713886887,-3.85682,43.36194,"group 1"
"164","Morín","5 (all)","Morín 5 (all)",6.5,0.22,1.43,4659,6662,393,0.058991293905734,"EUP","Gravettian/Aurignacian",16.7,NA,57,5.31778021631193,18.6315713886887,-3.85682,43.36194,"group 1"
"165","Morín","5 lower*","Morín 5 lower*",6.5,0.2,1.3,2562,3331,204,0.061242870009006,"EUP","Clas Aurignacian ",4.8,NA,57,5.31778021631193,18.6315713886887,-3.85682,43.36194,"group 1"
"166","Morín","5 upper*","Morín 5 upper*",6.5,0.15,0.975,3416,3331,189,0.056739717802462,"EUP","U Gravettian",28.7,NA,57,5.31778021631193,18.6315713886887,-3.85682,43.36194,"group 1"
"167","Morín","6","Morín 6",6.5,0.22,1.43,5684,8128,618,0.076033464566929,"EUP","Clas Aurignacian ",3.7,NA,57,5.31778021631193,18.6315713886887,-3.85682,43.36194,"group 1"
"168","Morín","7","Morín 7",7,0.25,1.75,5680,9940,346,0.034808853118712,"EUP","Clas Aurignacian ",2.7,0.01,57,5.31778021631193,18.6315713886887,-3.85682,43.36194,"group 1"
"169","Morín","8a (ampliado)","Morín 8a (ampliado)",4,0.15,0.6,11677,7006,233,0.033257208107337,"EUP"," Aurignacian 0",3.4,0.77,57,5.31778021631193,18.6315713886887,-3.85682,43.36194,"group 1"
"170","Morín","8b (ampliado)","Morín 8b (ampliado)",4,0.1,0.4,17512,7005,277,0.0395431834404,"EUP"," Aurignacian 0",6.3,0.105,57,5.31778021631193,18.6315713886887,-3.85682,43.36194,"group 1"
"171","Morín","8R","Morín 8R",4,0.35,1.4,10008,14011,669,0.047748197844551,"EUP"," Aurignacian 0",4,NA,57,5.31778021631193,18.6315713886887,-3.85682,43.36194,"group 1"
"172","Morín","9","Morín 9",3,0.08,0.24,12792,3070,206,0.067100977198697,"EUP"," Aurignacian 0",3.4,NA,57,5.31778021631193,18.6315713886887,-3.85682,43.36194,"group 1"
"173","Otero","Sala 1 & 2 – 2","Otero Sala 1 & 2 – 2",NA,NA,NA,NA,NA,66,NA,"U Magdalenian","Magdalenian V",NA,0.9,62,4.74247474736638,22.0985318925005,-3.509274,43.349649,"group 1"
"174","Otero","Sala 1 & 2 – 3","Otero Sala 1 & 2 – 3",NA,NA,NA,NA,516,115,0.222868217054264,"U Magdalenian","Magdalenian V",NA,19.7,62,4.74247474736638,22.0985318925005,-3.509274,43.349649,"group 1"
"175","Otero","Sala 1 & 2 – 4","Otero Sala 1 & 2 – 4",5,0.35,1.75,238,417,106,0.254196642685851,"EUP","Aurignacian V",5.66,0.047,62,4.74247474736638,22.0985318925005,-3.509274,43.349649,"group 1"
"176","Otero","Sala 1 & 2 – 5","Otero Sala 1 & 2 – 5",4,0.27,1.08,87,94,37,0.393617021276596,"EUP","Aurignacian IV",0,0,62,4.74247474736638,22.0985318925005,-3.509274,43.349649,"group 1"
"177","Otero","Sala 1 & 2 – 6","Otero Sala 1 & 2 – 6",4,0.4,1.6,72,116,34,0.293103448275862,"EUP","Aurignacian III",2.95,0,62,4.74247474736638,22.0985318925005,-3.509274,43.349649,"group 1"
"178","Piélago I","2","Piélago I 2",NA,NA,NA,NA,NA,236,NA,"Azilian","Azilian",NA,28.9,181,13.1209680327777,28.6674120954777,-3.70499,43.3049,"group 1"
"179","Piélago I","3","Piélago I 3",NA,NA,NA,NA,NA,100,NA,"Azilian","Azilian",NA,53,181,13.1209680327777,28.6674120954777,-3.70499,43.3049,"group 1"
"180","Piélago II","1","Piélago II 1",NA,NA,NA,NA,NA,320,NA,"Azilian","Azilian",NA,41,181,13.1209680327777,28.6674120954777,-3.70499,43.3049,"group 1"
"181","Piélago II","2","Piélago II 2",NA,NA,NA,NA,NA,284,NA,"Azilian","Azilian",NA,44.5,181,13.1209680327777,28.6674120954777,-3.70499,43.3049,"group 1"
"182","Piélago II","3","Piélago II 3",NA,NA,NA,NA,NA,350,NA,"Azilian","Azilian",NA,45.6,181,13.1209680327777,28.6674120954777,-3.70499,43.3049,"group 1"
"183","Piélago II","4","Piélago II 4",NA,NA,NA,NA,NA,152,NA,"Azilian","Azilian",NA,33.7,181,13.1209680327777,28.6674120954777,-3.70499,43.3049,"group 1"
"184","Piélago II","5-6","Piélago II 5-6",NA,NA,NA,NA,NA,75,NA,"Azilian","Azilian",NA,30.7,181,13.1209680327777,28.6674120954777,-3.70499,43.3049,"group 1"
"185","Rascaño","1","Rascaño 1",2.5,0.42,1.05,68,71,13,0.183098591549296,"Azilian","Azilian",NA,23.1,471,14.5533497824,29.94062464764,-3.69556,43.29389,"group 1"
"186","Rascaño","2","Rascaño 2",2.7,0.2,0.54,304,164,27,0.164634146341463,"U Magdalenian","Final Magdalenian",NA,25.93,471,14.5533497824,29.94062464764,-3.69556,43.29389,"group 1"
"187","Rascaño","2b","Rascaño 2b",3.1,0.22,0.682,1842,1256,196,0.156050955414013,"U Magdalenian","U Magdalenian",NA,2.55,471,14.5533497824,29.94062464764,-3.69556,43.29389,"group 1"
"188","Rascaño","3","Rascaño 3",2.4,0.25,0.6,5952,3571,324,0.090730887706525,"LM Magdalenian","L Magdalenian",NA,14.8,471,14.5533497824,29.94062464764,-3.69556,43.29389,"group 2"
"189","Rascaño","4","Rascaño 4",2.4,0.62,1.488,1409,2097,195,0.092989985693848,"LM Magdalenian","L Magdalenian",NA,13.8,471,14.5533497824,29.94062464764,-3.69556,43.29389,"group 2"
"190","Rascaño","4b","Rascaño 4b",2.8,0.15,0.42,1712,719,130,0.180806675938804,"LM Magdalenian","L Magdalenian",NA,1.5,471,14.5533497824,29.94062464764,-3.69556,43.29389,"group 2"
"191","Rascaño","5","Rascaño 5",8.2,0.25,2.05,711,1457,207,0.142072752230611,"LM Magdalenian","Arch Magdalenian",NA,13,471,14.5533497824,29.94062464764,-3.69556,43.29389,"group 2"
"192","Santimamiñe","VI","Santimamiñe VI",NA,NA,NA,NA,NA,768,NA,"U Magdalenian","U Magdalenian",NA,4.6,74,4.30562649213959,15.2153172108201,-2.635985,43.3463888888889,"group 1"
"193","Silibranka","I","Silibranka I",NA,NA,NA,NA,NA,61,NA,"U Magdalenian","U Magdalenian",NA,24.6,293,25.2007640955107,38.244976787446,-2.65972,43.13917,"group 1"
"194","Silibranka","II","Silibranka II",NA,NA,NA,NA,NA,150,NA,"U Magdalenian","U Magdalenian",NA,22.7,293,25.2007640955107,38.244976787446,-2.65972,43.13917,"group 1"
"195","Silibranka","III","Silibranka III",NA,NA,NA,NA,NA,133,NA,"U Magdalenian","U Magdalenian",NA,23.3,293,25.2007640955107,38.244976787446,-2.65972,43.13917,"group 1"
"196","Silibranka","IV","Silibranka IV",NA,NA,NA,NA,NA,77,NA,"U Magdalenian","U Magdalenian",NA,26,293,25.2007640955107,38.244976787446,-2.65972,43.13917,"group 1"
"197","Sopeña","2002 test I-XI","Sopeña 2002 test I-XI",2,1.68,3.36,1035,3476,104,0.029919447640967,"EUP","Gravettian",NA,NA,338,13.5183641840667,21.0984231998545,-4.954437,43.33496,"group 1"
"198","Tito Bustillo","1a &1b","Tito Bustillo 1a &1b",NA,NA,NA,NA,NA,588,NA,"U Magdalenian","U Magdalenian",NA,30.1,56,0.692173990338914,7.96502941509522,-5.06778,43.46083,"group 1"
"199","Tito Bustillo","1b-c","Tito Bustillo 1b-c",NA,NA,NA,NA,NA,104,NA,"U Magdalenian","U Magdalenian",NA,24,56,0.692173990338914,7.96502941509522,-5.06778,43.46083,"group 1"
"200","Tito Bustillo","1c","Tito Bustillo 1c",NA,NA,NA,NA,NA,393,NA,"U Magdalenian","U Magdalenian",NA,46,56,0.692173990338914,7.96502941509522,-5.06778,43.46083,"group 1"
"201","Urtiaga","C","Urtiaga C",NA,NA,NA,NA,NA,263,NA,"Azilian","Azilian",NA,49.8,214,3.47116639151826,13.9249706191008,-2.31667,43.26667,"group 1"
"202","Urtiaga","D","Urtiaga D",NA,NA,NA,NA,NA,1426,NA,"U Magdalenian","U Magdalenian",NA,26.7,214,3.47116639151826,13.9249706191008,-2.31667,43.26667,"group 1"
"203","Urtiaga","E","Urtiaga E",NA,NA,NA,NA,NA,105,NA,"U Magdalenian","U Magdalenian",NA,28.6,214,3.47116639151826,13.9249706191008,-2.31667,43.26667,"group 1"
"204","Urtiaga","F","Urtiaga F",NA,NA,NA,NA,NA,130,NA,"LM Magdalenian","LM Magdalenian",NA,18.5,214,3.47116639151826,13.9249706191008,-2.31667,43.26667,"group 2"
"205","Zatoya","II","Zatoya II",NA,NA,NA,NA,NA,566,NA,"Azilian","Azilian",NA,37.1,1004,66.4004910604375,79.7430941586702,-1.2,42.9,"group 1"
